type,資料來源,鄉鎮市區,建案名稱,戶數,首交易,末交易,建坪_中位,每坪單價_萬_中位,每坪單價_萬_最低,每坪單價_萬_最高,總價_萬_中位,門牌樣本,棟號樣本,備註樣本,建物型態,主要建材,解約筆數,focus_target
own_track_record,業主提供(591×政府實登),礁溪鄉,玉田森活1期,30,2022-11,2024-09,44.2,20.8,19.8,25.1,930,礁溪鄉玉田村踏踏一路196巷,,透天3層/4房/前院停車/2年完銷/富彥設計,透天厝,櫻花廚具TOTO,0,False
own_track_record,業主提供(591),礁溪鄉,玉田森活2,14,,2026,67.5,22.0,22.0,22.0,1513,礁溪鄉玉田村踏踏二路,,透天4層/4房/建材升級/已完銷/富彥設計,透天厝,櫻花TOTO大理石磚實木門,0,False
own_track_record,業主提供(591),五結鄉,學進賦,10,,2020,29.5,19.9,19.9,19.9,587,五結鄉中正路三段175巷18弄,,公寓5層/平面2機械8車位/已完銷,公寓,,0,False
presale_project,MOI實價登錄(預售屋),五結鄉,鳳凰愛買-第12期,29,2024-05-19,2025-05-22,43.2,21.0,19.7,24.0,912,宜蘭縣五結鄉下福東路,A棟8號;A棟7號;A棟10號;A棟15號;A棟9號,,透天厝,鋼筋混凝土造,0,True
presale_project,MOI實價登錄(預售屋),五結鄉,沐四季,19,2025-03-16,2025-09-06,49.1,24.4,23.6,25.8,1202,宜蘭縣五結鄉孝威路,E8棟0號;E7棟;E1棟;E2棟;E3棟,,透天厝,鋼筋混凝土造,1,True
presale_project,MOI實價登錄(預售屋),五結鄉,吉帝富貴第5期,16,2024-07-15,2025-07-03,45.4,19.8,19.8,21.4,900,宜蘭縣五結鄉大吉一路325巷,A棟7號;A棟2號;B棟6號;A棟3號;A棟6號,,透天厝,鋼筋混凝土造,1,True
presale_project,MOI實價登錄(預售屋),五結鄉,光隱13,11,2024-08-19,2026-04-08,82.1,35.0,34.0,35.1,2830,宜蘭縣五結鄉三吉一路230巷,L棟0號;M棟0號;J棟0號;K棟0號;C棟0號,交易總價包含大吉三段445、501、568、568-1地號等四筆農地持分，交易價款共新台幣350萬元。,透天厝,鋼筋混凝土造,1,True
presale_project,MOI實價登錄(預售屋),五結鄉,青庭孝威,7,2025-04-01,2026-03-17,42.9,25.2,22.9,26.1,1080,宜蘭縣五結鄉大眾二路,A1棟0號;A2棟0號;A3棟0號;A5棟0號;B3棟0號,,透天厝,鋼筋混凝土造,0,True
presale_project,MOI實價登錄(預售屋),五結鄉,富登新13,5,2024-07-10,2024-08-31,60.8,20.3,20.2,20.6,1235,宜蘭縣五結鄉三吉一路,B棟2號;A棟2號;A棟3號;A棟5號;B棟3號,,透天厝,鋼筋混凝土造,0,True
presale_project,MOI實價登錄(預售屋),五結鄉,錦草築青別墅,5,2024-12-08,2025-12-25,50.3,24.9,24.9,25.7,1250,宜蘭縣五結鄉溪濱路二段41巷,F棟0號;C棟0號;B棟0號;E棟0號;G棟0號,,透天厝,鋼筋混凝土造,1,True
presale_project,MOI實價登錄(預售屋),五結鄉,東馨墅2,4,2024-12-15,2026-01-30,50.2,22.7,21.5,24.0,1140,宜蘭縣五結鄉錦草二路,E棟0號;H棟0號;C棟0號;D棟0號,,透天厝,鋼筋混凝土造,0,True
presale_project,MOI實價登錄(預售屋),五結鄉,富森?透天,3,2024-12-24,2025-01-16,58.0,32.4,32.0,34.0,1858,宜蘭縣五結鄉二結村中正路三段47巷10弄,A棟3號;A棟1號;A棟5號,,透天厝,鋼筋混凝土造,0,True
presale_project,MOI實價登錄(預售屋),五結鄉,文創之星,2,2024-09-22,2024-09-29,53.9,32.1,30.3,34.0,1730,宜蘭縣五結鄉中正路一段35巷,A5號;A1號,,透天厝,鋼筋混凝土造,0,True
presale_project,MOI實價登錄(預售屋),五結鄉,日初想享,2,2025-04-16,2025-04-16,51.1,27.2,26.7,27.7,1388,宜蘭縣五結鄉溪濱路一段,E棟0號;F棟0號,,透天厝,鋼筋混凝土造,0,True
presale_project,MOI實價登錄(預售屋),五結鄉,大吉築青別墅,1,2024-05-14,2024-05-14,60.8,22.9,22.9,22.9,1390,宜蘭縣五結鄉大吉五路290巷,A棟16號,,透天厝,鋼筋混凝土造,0,True
presale_project,MOI實價登錄(預售屋),五結鄉,水岸帝堡,1,2024-06-18,2024-06-18,130.1,30.0,30.0,30.0,3900,宜蘭縣五結鄉利澤西路,A棟4號,買受人解約，換購A4。交易總價含下列非屬預售屋價格之費用:提貨券費:300000元,透天厝,鋼筋混凝土造,0,True
presale_project,MOI實價登錄(預售屋),五結鄉,藏鉅,1,2025-01-19,2025-01-19,83.3,31.2,31.2,31.2,2598,宜蘭縣五結鄉國民中路,D棟12號,,透天厝,鋼筋混凝土造,0,True
presale_project,MOI實價登錄(預售屋),壯圍鄉,宗硯大砌系列18-透天,31,2026-02-16,2026-04-11,40.7,21.2,19.7,23.0,858,宜蘭縣壯圍鄉大福路二段99巷,A棟1號;G棟3號;A棟2號;A棟3號;A棟10號,同段63地號，農地持分以贈與方式辦理。,透天厝,鋼筋混凝土造,0,True
presale_project,MOI實價登錄(預售屋),壯圍鄉,艾利永美,21,2025-02-16,2025-10-03,45.3,22.7,19.8,27.8,1078,宜蘭縣壯圍鄉永美路一段148巷,A棟A6號;A棟A1號;A棟A13號;A棟A12號;A棟A15號,交易總價包含壯東段552、549地號2筆農地持分交易價款42萬元整;交易總價包含壯東段552、549地號2筆農地持分交易價款52萬元整,透天厝,鋼筋混凝土造,0,True
presale_project,MOI實價登錄(預售屋),壯圍鄉,印象壯圍,14,2024-10-30,2025-05-28,54.4,23.2,21.9,27.7,1238,宜蘭縣壯圍鄉壯六路,A棟2號;B棟1號;B棟8號;C棟3號;C棟2號,交易總價包含復興段1015地號，農地持分交易總價款共計180000元整。;交易總價包含復興段1015地號，農地持分交易總價款共計360000元整。,透天厝,鋼筋混凝土造,0,True
presale_project,MOI實價登錄(預售屋),壯圍鄉,古亭郡,12,2024-07-17,2025-06-13,46.8,19.1,17.9,20.3,870,宜蘭縣壯圍鄉永美路一段148巷,M棟0號;J棟0號;N棟0號;H棟0號;K棟0號,,透天厝,鋼筋混凝土造,0,True
presale_project,MOI實價登錄(預售屋),壯圍鄉,德勤富祥,11,2024-09-10,2025-03-28,50.5,26.7,26.1,26.9,1350,宜蘭縣壯圍鄉壯五路6巷旁,L棟1號;I棟2號;J棟1號;K棟1號;N棟1號,交易總價包含吉祥一段140-1及140-2地號等兩筆農地持分交易價款30萬元整;交易總價包含吉祥一段140-2地號農地持分交易價款3萬元整,透天厝,鋼筋混凝土造,0,True
presale_project,MOI實價登錄(預售屋),壯圍鄉,赫宇聯勤2,7,2025-04-29,2025-10-10,48.8,21.2,20.5,22.0,1018,宜蘭縣壯圍鄉壯六路,A棟2號;B棟1號;A棟6號;A棟5號;B棟3號,,透天厝,鋼筋混凝土造,0,True
presale_project,MOI實價登錄(預售屋),壯圍鄉,順和苑NO.6,7,2025-07-26,2025-08-17,45.9,25.4,24.4,26.5,1168,宜蘭縣壯圍鄉新南一路,A棟7號;A棟1號;A棟5號;A棟2號;A棟3號,,透天厝,鋼筋混凝土造,0,True
presale_project,MOI實價登錄(預售屋),壯圍鄉,麒美紅葉,7,2024-06-23,2025-09-24,50.8,19.6,19.6,20.2,995,宜蘭縣壯圍鄉紅葉路,C03棟0號;C11棟0號;C02棟0號;B05棟0號;B03棟0號,,透天厝,鋼筋混凝土造,0,True
presale_project,MOI實價登錄(預售屋),壯圍鄉,寓見中道,6,2024-05-30,2024-08-06,42.7,25.4,25.4,25.7,1085,宜蘭縣壯圍鄉順和路,A棟2號;A棟5號;A棟7號;B棟3號;A棟8號,不動產交易總價含農地價格37萬,透天厝,鋼筋混凝土造,0,True
presale_project,MOI實價登錄(預售屋),壯圍鄉,富登新10,3,2024-06-18,2025-01-20,66.6,19.5,18.5,20.7,1320,宜蘭縣壯圍鄉大福路二段256巷,A棟9號;B棟8號;A棟3號,交易總價包含:美城段511地號農地持分交易價款50萬元整。;交易總價包含:美城段511地號農地持分交易價款50萬元整。親友、員工、共有人或其他特殊關係間之交易；,透天厝,鋼筋混凝土造,0,True
presale_project,MOI實價登錄(預售屋),壯圍鄉,晴境,2,2026-01-12,2026-04-08,62.4,27.0,26.3,27.7,1688,宜蘭縣壯圍鄉古結路,10號;1號,主建物內含車位面積13.75平方公尺。,透天厝,鋼筋混凝土造,0,True
presale_project,MOI實價登錄(預售屋),壯圍鄉,順和苑NO.5,2,2024-06-16,2024-06-16,48.8,22.8,22.7,22.9,1113,宜蘭縣壯圍鄉新南路,A棟2號;A棟8號,,透天厝,鋼筋混凝土造,0,True
presale_project,MOI實價登錄(預售屋),壯圍鄉,俊易美城墅,1,2025-02-21,2025-02-21,58.4,24.3,24.3,24.3,1418,宜蘭縣壯圍鄉大福路二段150巷17弄,B棟1號,,透天厝,鋼筋混凝土造,0,True
presale_project,MOI實價登錄(預售屋),壯圍鄉,曜見築,1,2024-07-05,2024-07-05,56.2,27.0,27.0,27.0,1515,宜蘭縣壯圍鄉富祥路,C棟0號,,透天厝,鋼筋混凝土造,0,True
presale_project,MOI實價登錄(預售屋),宜蘭市,築帆Villa生活村,13,2024-07-01,2025-07-21,61.8,64.6,53.4,75.3,3988,宜蘭縣宜蘭市建蘭南路290巷,M1棟1號;S10棟1號;S2棟1號;S3棟1號;M3棟1號,,透天厝,鋼筋混凝土造,2,True
presale_project,MOI實價登錄(預售屋),宜蘭市,代官山,10,2025-12-12,2026-01-06,60.4,38.2,34.6,42.2,2319,宜蘭縣宜蘭市環市東路二段,B棟7號;B棟8號;B棟9號;A棟3號;C棟3號,,透天厝,鋼筋混凝土造,0,True
presale_project,MOI實價登錄(預售屋),宜蘭市,築港霞光生活村,6,2024-09-26,2025-10-31,45.9,40.4,39.5,41.1,1888,宜蘭縣宜蘭市黎明一路,E1棟1號;S4棟1號;N1R棟1號;E7棟1號;E8棟1號,,透天厝,鋼筋混凝土造,0,True
presale_project,MOI實價登錄(預售屋),宜蘭市,天擎陽明,5,2024-08-20,2026-01-13,48.5,36.1,34.6,41.2,1900,宜蘭縣宜蘭市陽明路62巷,A棟5號;A棟7號;A棟1號;A棟6號;A棟8號,,透天厝,鋼筋混凝土造,0,True
presale_project,MOI實價登錄(預售屋),宜蘭市,黎明大苑,5,2025-12-30,2026-03-11,53.4,35.4,34.7,35.8,1891,宜蘭縣宜蘭市黎明二路,A棟A5號;A棟A3號;A棟A2號;A棟A1號;B棟B1號,配備電梯親友、員工、共有人或其他特殊關係間之交易；;備配電梯,透天厝,鋼筋混凝土造,0,True
presale_project,MOI實價登錄(預售屋),宜蘭市,吉祥郡No.8,4,2024-05-18,2024-06-06,54.6,28.0,27.8,28.9,1544,宜蘭縣宜蘭市黎明二路276巷,B棟8號;A棟1號;A棟5號;A棟3號,,透天厝,鋼筋混凝土造,0,True
presale_project,MOI實價登錄(預售屋),宜蘭市,公園自在NO.5,3,2025-01-07,2025-12-30,65.8,41.5,41.1,42.3,2660,宜蘭縣宜蘭市宜科一路310巷,G棟5號;A棟1號;E棟3號,,透天厝,鋼筋混凝土造,0,True
presale_project,MOI實價登錄(預售屋),宜蘭市,京采宜蘭2,2,2024-05-25,2024-05-29,76.8,29.3,28.7,29.8,2244,宜蘭縣宜蘭市吉祥路,B棟9號;A棟1號,,透天厝,鋼筋混凝土造,0,True
presale_project,MOI實價登錄(預售屋),宜蘭市,力璟.無疆大境,2,2025-05-29,2025-05-29,66.0,42.4,42.4,42.4,2800,宜蘭縣宜蘭市公園路,1棟A5號;1棟A6號,,透天厝,鋼筋混凝土造,2,True
presale_project,MOI實價登錄(預售屋),宜蘭市,浦田森陽,2,2025-06-23,2026-01-16,77.1,40.7,39.7,41.7,3135,宜蘭縣宜蘭市公園三路,A棟1號;B棟1號,車位位於法定空地上,透天厝,鋼筋混凝土造,0,True
presale_project,MOI實價登錄(預售屋),宜蘭市,鳳凰愛買第13期,2,2024-08-15,2024-08-21,55.3,43.2,41.6,44.7,2388,宜蘭縣宜蘭市大福路二段,E棟5號;E棟7號,,透天厝,鋼筋混凝土造,0,True
presale_project,MOI實價登錄(預售屋),宜蘭市,公園自在NO.５,1,2025-02-23,2025-02-23,65.8,41.0,41.0,41.0,2630,宜蘭縣宜蘭市宜科一路310巷,F棟4號,,透天厝,鋼筋混凝土造,0,True
presale_project,MOI實價登錄(預售屋),宜蘭市,力璟.無疆大境2,1,2026-03-06,2026-03-06,77.0,45.4,45.4,45.4,3500,宜蘭縣宜蘭市公園東路51巷,B3棟0號,一個車位位於主建物內車位面積為7.38平方公尺及法定空地上面積為8.47平方公尺；另一車位位於法定空地上面積為13.75平方公尺,透天厝,鋼筋混凝土造,0,True
presale_project,MOI實價登錄(預售屋),宜蘭市,宜科大院,1,2024-09-09,2024-09-09,88.3,33.4,33.4,33.4,2950,宜蘭縣宜蘭市宜科一路221巷,A棟6號,毛胚屋；,透天厝,鋼筋混凝土造,0,True
presale_project,MOI實價登錄(預售屋),宜蘭市,富登新16,1,2024-10-23,2024-10-23,53.4,50.9,50.9,50.9,2500,宜蘭縣宜蘭市中山路五段,K棟2號,親友、員工、共有人或其他特殊關係間之交易；,透天厝,鋼筋混凝土造,0,True
presale_project,MOI實價登錄(預售屋),宜蘭市,延平天下,1,2024-06-25,2024-06-25,45.8,21.8,21.8,21.8,1000,宜蘭縣宜蘭市延平路41巷,A棟17號,,透天厝,鋼筋混凝土造,0,True
presale_project,MOI實價登錄(預售屋),三星鄉,原翠3,13,2024-07-07,2024-12-14,48.0,22.2,21.0,25.3,1088,宜蘭縣三星鄉五分路三段375巷,A棟7號;A棟5號;A棟6號;B棟5號;A棟1號,,透天厝,鋼筋混凝土造,0,False
presale_project,MOI實價登錄(預售屋),三星鄉,原翠5,10,2025-01-22,2025-11-16,43.8,27.9,26.8,31.3,1348,宜蘭縣三星鄉清州三路16巷,A棟5號;C棟1號;C棟5號;A棟7號;D棟6號,,透天厝,鋼筋混凝土造,0,False
presale_project,MOI實價登錄(預售屋),三星鄉,御東風,10,2024-05-23,2024-07-05,51.2,25.5,22.6,27.1,1284,宜蘭縣三星鄉保安一路六十巷,C棟1號;A棟17號;A棟19號;C棟02號;D棟1號,,透天厝,鋼筋混凝土造,0,False
presale_project,MOI實價登錄(預售屋),三星鄉,星宸美墅,10,2024-05-27,2024-07-15,54.4,21.1,19.7,21.9,1149,宜蘭縣三星鄉義德段754-19地號,A棟4號;A棟6號;A棟9號;A棟2號;A棟11號,,透天厝,鋼筋混凝土造,0,False
presale_project,MOI實價登錄(預售屋),三星鄉,青豐,9,2026-01-03,2026-04-07,51.2,24.5,23.8,26.6,1250,宜蘭縣三星鄉大洲二路,A13棟;A11棟;A3棟;A1棟;A9棟,大洲二段934、935、936地號等三筆土地於114年合併，合併後又進行分割。,透天厝,鋼筋混凝土造,0,False
presale_project,MOI實價登錄(預售屋),三星鄉,雙峰匯,8,2025-08-17,2025-11-13,47.9,30.0,29.7,30.9,1436,宜蘭縣三星鄉中興六路,H棟0號;E棟0號;D棟0號;K棟0號;C棟0號,,透天厝,鋼筋混凝土造,0,False
presale_project,MOI實價登錄(預售屋),三星鄉,勁賀,6,2024-07-04,2025-01-15,47.0,20.6,19.2,22.2,965,宜蘭縣三星鄉義德段,G棟10號;G棟12號;G棟1號;G棟6號;G棟16號,出賣人：陳○女、陳○樺、林○福各出售1/3,透天厝,鋼筋混凝土造,0,False
presale_project,MOI實價登錄(預售屋),三星鄉,園周綠第九期,5,2024-05-14,2024-08-02,43.9,29.1,26.6,29.6,1288,宜蘭縣三星鄉五分路一段,A棟A5號;A棟A3號;A棟A10號;B棟B1號;A棟A6號,內含兩筆農地地號795785價款80000;內含兩筆農地地號795785價款80000元,透天厝,鋼筋混凝土造,0,False
presale_project,MOI實價登錄(預售屋),三星鄉,遇上露露,4,2024-06-01,2024-08-08,36.4,23.5,20.1,24.9,850,宜蘭縣三星鄉義德路,A棟10號;B棟5號;B棟6戶號;B棟10號,,透天厝,鋼筋混凝土造,0,False
presale_project,MOI實價登錄(預售屋),三星鄉,香榭麗舍NO.7,4,2024-05-26,2024-12-11,66.7,19.2,18.3,20.2,1276,宜蘭縣三星鄉大洲二路,B棟20號;B棟4號;A棟17號;A棟18號,,透天厝,鋼筋混凝土造,0,False
presale_project,MOI實價登錄(預售屋),三星鄉,禾豐居,3,2024-12-16,2026-03-04,47.9,24.4,24.4,26.1,1200,宜蘭縣三星鄉尚健五路一段,A1棟;B2棟;C棟5號,交易總價包含新行健段495地號等1筆農地持分交易價款480000元整約16坪。,透天厝,鋼筋混凝土造,0,False
presale_project,MOI實價登錄(預售屋),三星鄉,宗硯大砌系列17,2,2024-06-16,2024-08-09,47.3,27.2,24.7,29.7,1284,宜蘭縣三星鄉上將路二段543巷,A棟8號;B棟3號,,透天厝,鋼筋混凝土造,0,False
presale_project,MOI實價登錄(預售屋),三星鄉,星美大苑,2,2024-06-05,2024-06-23,53.4,21.3,21.1,21.5,1135,宜蘭縣三星鄉義德路,B棟1號;c棟6號,,透天厝,鋼筋混凝土造,1,False
presale_project,MOI實價登錄(預售屋),三星鄉,安農秘境Ⅱ,1,2025-09-13,2025-09-13,64.7,20.1,20.1,20.1,1300,宜蘭縣三星鄉三星路二段353巷,二棟B號,,透天厝,鋼筋混凝土造,0,False
presale_project,MOI實價登錄(預售屋),三星鄉,富德家N0.1,1,2025-06-10,2025-06-10,42.8,26.1,26.1,26.1,1118,宜蘭縣三星鄉農義路一段,F棟0號,,透天厝,鋼筋混凝土造,1,False
presale_project,MOI實價登錄(預售屋),三星鄉,市星吉苑,1,2024-08-15,2024-08-15,54.0,24.1,24.1,24.1,1300,宜蘭縣三星鄉三星路六段,A棟0號,,透天厝,鋼筋混凝土造,0,False
presale_project,MOI實價登錄(預售屋),冬山鄉,小城故事蒔築,26,2024-05-15,2025-09-25,63.0,22.8,21.4,25.4,1469,宜蘭縣冬山鄉梅花路,B棟10號;E棟1號;D棟2號;F棟5號;B棟15號,,透天厝,鋼筋混凝土造,0,False
presale_project,MOI實價登錄(預售屋),冬山鄉,美澍川NO.8,14,2025-02-15,2026-04-19,62.9,21.9,21.6,23.3,1378,宜蘭縣冬山鄉三堵路,A棟2號;B棟8號;A棟3a號;B棟5號;A棟7號,,透天厝,鋼筋混凝土造,0,False
presale_project,MOI實價登錄(預售屋),冬山鄉,京采冬山5,11,2025-08-28,2026-01-21,49.0,24.9,23.4,26.7,1200,宜蘭縣冬山鄉保安一路,C1號;A6號;B1號;A5號;B6號,,透天厝,鋼筋混凝土造,1,False
presale_project,MOI實價登錄(預售屋),冬山鄉,禾田居Ⅱ,11,2024-06-28,2025-09-22,50.5,20.6,17.9,20.8,1050,宜蘭縣冬山鄉三正路,13棟0號;2棟0號;12棟0號;10棟0號;11棟0號,,透天厝,鋼筋混凝土造,2,False
presale_project,MOI實價登錄(預售屋),冬山鄉,祥豪富貴Ⅱ（冬山鄉山明段透天住宅）,10,2024-06-01,2024-12-04,47.0,20.2,20.2,28.9,950,宜蘭縣冬山鄉香南路197巷,E棟3F號;F棟3F號;D棟3F號;B棟3F號;C棟3F號,,透天厝,鋼筋混凝土造,1,False
presale_project,MOI實價登錄(預售屋),冬山鄉,旭川3,9,2024-11-13,2026-03-08,47.7,33.2,31.7,34.2,1595,宜蘭縣冬山鄉光明路,A棟1號;B棟2號;B棟6號;A棟3號;A棟6號,交易總價含義成二段299-5地號持分1/1新台幣壹佰零?萬元整及義成二段301地號持分1/11新台幣參拾柒萬元整;交易總價含義成二段301-5地號持分1/1新台幣貳拾陸萬元整及義成二段301地號持分1/11新台幣參拾柒萬元整,透天厝,鋼筋混凝土造,0,False
presale_project,MOI實價登錄(預售屋),冬山鄉,驊邦家禾,8,2024-12-20,2025-09-20,61.6,21.7,20.6,23.3,1338,宜蘭縣冬山鄉協松路,A棟1號;C棟1號;E棟2號;B棟4號;D棟1號,,透天厝,鋼筋混凝土造,0,False
presale_project,MOI實價登錄(預售屋),冬山鄉,五集誠臻,7,2025-12-03,2026-01-01,65.9,28.1,26.4,28.3,1858,宜蘭縣冬山鄉永興路1段,B棟6號;B棟7號;B棟3號;B棟5號;A棟5號,,透天厝,鋼筋混凝土造,0,False
presale_project,MOI實價登錄(預售屋),冬山鄉,昌元吉第(冬山案),6,2024-05-18,2024-06-10,45.4,19.4,18.6,20.5,878,宜蘭縣冬山鄉三興路235巷,A棟1號;A棟3號;A棟6號;A棟4號;A棟2號,,透天厝,鋼筋混凝土造,0,False
presale_project,MOI實價登錄(預售屋),冬山鄉,久誼久陞Ⅲ富境,5,2026-01-25,2026-03-10,48.3,26.3,25.2,27.2,1308,宜蘭縣冬山鄉福丸段156-11地號,A1棟;B2棟;A3棟;C6棟;C7棟,,透天厝,鋼筋混凝土造,0,False
presale_project,MOI實價登錄(預售屋),冬山鄉,艾美二期,5,2025-10-12,2026-04-16,54.0,24.2,21.5,25.6,1288,宜蘭縣冬山鄉寶和路,C棟1號;B棟6號;C棟2號;A棟3號;B棟11號,,透天厝,鋼筋混凝土造,0,False
presale_project,MOI實價登錄(預售屋),冬山鄉,藝埕想享,4,2024-06-12,2025-01-18,56.8,29.1,28.9,29.7,1663,宜蘭縣冬山鄉義成路二段,B棟;C棟;G棟;F棟,,透天厝,鋼筋混凝土造,0,False
presale_project,MOI實價登錄(預售屋),冬山鄉,龍祥幸福居,4,2025-10-30,2026-04-20,27.2,28.6,28.6,28.9,777,宜蘭縣冬山鄉龍祥三路三巷,A棟14號;A棟6號;A棟13號;A棟8號,土地地號為重測前以及尚未分割地號重測前地號為 冬山鄉東興段246地號重測前土地面積為962平方公尺,透天厝,鋼筋混凝土造,0,False
presale_project,MOI實價登錄(預售屋),冬山鄉,幸福苑,3,2025-10-13,2026-01-17,66.0,29.3,28.9,31.0,1908,宜蘭縣冬山鄉幸福三路599巷,A棟6號;A棟7號;A棟1號,交易總價含下列非屬預售屋價格之費用:總價含農地價格費:350000元;交易總價含下列非屬預售屋價格之費用:總價含農地價格費:400000元,透天厝,鋼筋混凝土造,0,False
presale_project,MOI實價登錄(預售屋),冬山鄉,旭川2,3,2024-06-25,2024-08-03,56.4,27.0,26.3,30.0,1520,宜蘭縣冬山鄉清溝路,C棟1號;C棟3號;C棟2號,交易總價含義成八段762-2地號 持分1/41壹拾萬元整及義成八段838地號 持分1/41柒萬元整義成八段838-1地號 持分1/310萬元整;交易總價含義成八段762-2地號 持分1/41壹拾萬元整及義成八段838地號 持分1/41柒萬元整義成八段838-1地號 持分1/3壹拾萬元整,透天厝,鋼筋混凝土造,0,False
presale_project,MOI實價登錄(預售屋),冬山鄉,銘悅透天,3,2025-03-07,2025-08-17,45.0,29.1,27.8,31.1,1250,宜蘭縣冬山鄉鹿安路,A2棟0號;B1棟0號;B3棟0號,土地出售面積為139.55平方公尺,透天厝,鋼筋混凝土造,0,False
presale_project,MOI實價登錄(預售屋),冬山鄉,鑫院II,3,2025-09-09,2025-09-09,46.1,24.2,23.3,25.3,1165,宜蘭縣冬山鄉三堵路165巷,B棟0號;A棟0號;C棟0號,不動產交易總價包含武淵三段447地號1筆農業用地，權利範圍為1/9，農業用地交易價款為十萬元整。;1.不動產交易總價包含武淵三段447地號1筆農業用地，權利範圍為1/9，農業用地交易價款為十萬元整。2.不動產交易總價包含武淵三段446-1地號1筆甲種建築用地，甲種建築用地交易價款為五十萬元整。,透天厝,鋼筋混凝土造,0,False
presale_project,MOI實價登錄(預售屋),冬山鄉,京采冬山2,2,2024-05-22,2024-06-01,50.0,19.9,19.8,20.0,996,宜蘭縣冬山鄉丸山路,1棟A1號;1棟A2號,,透天厝,鋼筋混凝土造,0,False
presale_project,MOI實價登錄(預售屋),冬山鄉,城心相邑,2,2024-05-29,2024-06-14,69.3,34.3,33.4,35.2,2378,宜蘭縣冬山鄉柯林三路,A棟3號;A棟2號,交易總價包含柯林三段792地號等1筆土地農地持分交易價款共135萬元整;交易總價包含柯林三段792地號等1筆土地農地持分交易價款共45萬元整,透天厝,鋼筋混凝土造,0,False
presale_project,MOI實價登錄(預售屋),冬山鄉,心天地2期,2,2025-01-06,2025-01-10,71.5,23.5,23.1,23.9,1680,宜蘭縣冬山鄉下湖路,G棟0號;F棟0號,,透天厝,鋼筋混凝土造,0,False
presale_project,MOI實價登錄(預售屋),冬山鄉,心天地２期,1,2025-01-14,2025-01-14,72.7,23.1,23.1,23.1,1680,宜蘭縣冬山鄉下湖路,E棟0號,,透天厝,鋼筋混凝土造,0,False
presale_project,MOI實價登錄(預售屋),冬山鄉,靚永美5-東城,1,2025-04-08,2025-04-08,47.5,22.5,22.5,22.5,1068,宜蘭縣冬山鄉冬山路一段,D棟2號,,透天厝,鋼筋混凝土造,0,False
presale_project,MOI實價登錄(預售屋),員山鄉,鳳凰愛買20期,29,2025-10-31,2026-04-05,43.0,22.6,20.6,25.8,970,宜蘭縣員山鄉枕山路,A棟7號;B棟6號;B棟11號;A棟1號;A棟8號,交易總價包含枕山一段1738、1754地號等兩筆農地持分交易價款共40萬元;交易總價包含枕山一段1738、1754地號等兩筆農地持分交易價款共40萬元整,透天厝,鋼筋混凝土造,0,False
presale_project,MOI實價登錄(預售屋),員山鄉,築荷5,20,2025-01-25,2026-04-19,50.0,26.0,22.6,28.8,1333,宜蘭縣員山鄉三鬮路199巷,C棟1號;C棟2號;C棟3號;A棟3號;C棟5號,親友、員工、共有人或其他特殊關係間之交易；,透天厝,鋼筋混凝土造,0,False
presale_project,MOI實價登錄(預售屋),員山鄉,富登新15,16,2024-06-27,2025-02-08,44.1,26.6,25.9,27.9,1172,宜蘭縣員山鄉茄苳路,B棟9號;A棟8號;A棟1號;A棟10號;B棟1號,交易總價包含茄苳林段321地號農地持分交易價款29萬元整;交易總價包含茄苳林段321地號農地持分交易價款27萬元整,透天厝,鋼筋混凝土造,2,False
presale_project,MOI實價登錄(預售屋),員山鄉,寬美3,15,2024-05-15,2024-07-06,44.7,22.7,21.9,24.8,1035,宜蘭縣員山鄉長堤路32巷,B1棟0號;C2棟0號;A11棟0號;A9棟0號;A6棟0號,,透天厝,鋼筋混凝土造,1,False
presale_project,MOI實價登錄(預售屋),員山鄉,文風翠庭第21期,14,2025-10-02,2026-04-10,51.5,26.4,25.6,31.9,1339,宜蘭縣員山鄉惠深二路一段66巷,A1棟0號;B3棟0號;A3棟0號;B2棟0號;A6棟0號,,透天厝,鋼筋混凝土造,1,False
presale_project,MOI實價登錄(預售屋),員山鄉,大湖金城,10,2024-05-27,2024-11-14,44.1,23.8,21.5,26.7,1070,宜蘭縣員山鄉大湖路,A棟5號;A棟4號;A棟6號;A棟9號;A棟11號,,透天厝,鋼筋混凝土造,1,False
presale_project,MOI實價登錄(預售屋),員山鄉,禾耘灃築2,7,2024-12-12,2025-01-03,57.6,24.4,22.0,27.6,1398,宜蘭縣員山鄉蘭城六路,B1棟0號;B2棟0號;A2棟0號;A1棟0號,親友、員工、共有人或其他特殊關係間之交易；,透天厝,鋼筋混凝土造,0,False
presale_project,MOI實價登錄(預售屋),員山鄉,朗頌,5,2026-03-02,2026-04-18,45.7,22.9,21.8,23.3,1048,宜蘭縣員山鄉永廣路,A棟11號;A棟12號;A棟1號;B棟1號;B棟7號,,透天厝,鋼筋混凝土造,0,False
presale_project,MOI實價登錄(預售屋),員山鄉,吉帝富貴第六期,4,2025-11-17,2026-04-04,52.5,24.4,24.4,24.5,1280,宜蘭縣員山鄉深洲一路37巷,A6棟0號;C6棟0號;B1棟0號;B2棟0號,,透天厝,鋼筋混凝土造,0,False
presale_project,MOI實價登錄(預售屋),員山鄉,向青苑5,4,2024-07-10,2024-11-24,45.3,24.9,24.5,25.3,1138,宜蘭縣員山鄉東西三十之一路,F棟1號;E棟1號;D棟1號;A棟1號,,透天厝,鋼筋混凝土造,1,False
presale_project,MOI實價登錄(預售屋),員山鄉,富登新11,4,2025-09-03,2025-11-06,60.9,22.9,21.0,23.5,1392,宜蘭縣員山鄉深蓁路,A棟8號;A棟7號;A棟5號;A棟3號,親友、員工、共有人或其他特殊關係間之交易；,透天厝,鋼筋混凝土造,0,False
presale_project,MOI實價登錄(預售屋),員山鄉,香榭麗舍NO.9,3,2024-07-10,2026-01-19,42.1,24.6,20.1,27.5,1033,宜蘭縣員山鄉長堤路32巷,A棟6號;A棟3號;A棟1號,,透天厝,鋼筋混凝土造,0,False
presale_project,MOI實價登錄(預售屋),員山鄉,山水居,2,2026-04-03,2026-04-03,56.2,26.7,26.7,26.7,1500,宜蘭縣員山鄉深蓁路,B棟1號;B棟2號,,透天厝,鋼筋混凝土造,0,False
presale_project,MOI實價登錄(預售屋),員山鄉,禾耘灃築,2,2024-08-03,2025-09-20,57.3,26.2,25.7,26.6,1498,宜蘭縣員山鄉蘭城二路,A1棟0號;A2棟0號,,透天厝,鋼筋混凝土造,0,False
presale_project,MOI實價登錄(預售屋),員山鄉,羽松,2,2024-12-28,2025-01-11,45.6,23.1,22.6,23.7,1055,宜蘭縣員山鄉深溝村12鄰深洲路77巷30弄20之12號,B3棟0號;B5棟0號,,透天厝,鋼筋混凝土造,0,False
presale_project,MOI實價登錄(預售屋),員山鄉,京采員山8,1,2024-07-06,2024-07-06,54.6,20.1,20.1,20.1,1098,宜蘭縣員山鄉長堤路32巷,A棟1號,,透天厝,鋼筋混凝土造,0,False
presale_project,MOI實價登錄(預售屋),礁溪鄉,鳳凰愛買11-阡荀,19,2024-05-17,2025-07-08,44.7,28.6,25.5,32.6,1283,宜蘭縣礁溪鄉柴圍路,A棟19號;C棟8號;A棟7號;B棟11號;A棟5號,土地總價包含農地價格4萬元整。;土地總價包含農地價格24萬元整。,透天厝,鋼筋混凝土造,0,False
presale_project,MOI實價登錄(預售屋),礁溪鄉,龍潭天下,19,2025-08-21,2025-11-15,40.9,22.6,21.6,25.5,935,宜蘭縣礁溪鄉龍潭路556巷底,B棟8號;E棟3號;A棟2號;B棟4號;E棟1號,主建物內含車位面積20.15平方公尺;車位位於法定空地上。,透天厝,鋼筋混凝土造,0,False
presale_project,MOI實價登錄(預售屋),礁溪鄉,早稻田,15,2024-05-31,2026-03-25,50.3,25.4,23.0,26.2,1278,宜蘭縣礁溪鄉踏踏三路,A棟5號;B棟5號;A棟3號;A棟6號;B棟6號,解約後再次出售之交易,透天厝,鋼筋混凝土造,1,False
presale_project,MOI實價登錄(預售屋),礁溪鄉,玉田森活2,11,2024-06-02,2024-12-05,57.0,22.7,21.4,23.1,1258,宜蘭縣礁溪鄉踏踏二路,B棟2號;B棟3號;A棟2號;A棟1號;B棟5號,交易總價包含玉田段1083地號農地持分交易價款4萬元整;交易總價包含玉田段1083地號農地持分交易價款壹拾參萬元整,透天厝,鋼筋混凝土造,0,False
presale_project,MOI實價登錄(預售屋),礁溪鄉,礁溪御田,9,2024-05-26,2024-10-27,43.1,20.4,19.4,21.1,878,宜蘭縣礁溪鄉車路頭路,B棟12號;A棟20號;B棟19號;A棟8號;A棟13號,,透天厝,鋼筋混凝土造,0,False
presale_project,MOI實價登錄(預售屋),礁溪鄉,鳳凰愛買15期,7,2025-03-03,2026-01-21,52.0,31.7,30.5,32.2,1655,宜蘭縣礁溪鄉育龍路,E棟2號;E棟3號;E棟11號;E棟12號;E棟5號,主建物內含車位面積13.75平方公尺。,透天厝,鋼筋混凝土造,0,False
presale_project,MOI實價登錄(預售屋),礁溪鄉,礁溪帝堡,2,2025-05-18,2025-05-21,56.6,47.1,46.8,47.4,2668,宜蘭縣礁溪鄉公園北路,A棟5號;B棟5號,車位位於法定空地上面積13.75平方公尺,透天厝,鋼筋混凝土造,0,False
presale_project,MOI實價登錄(預售屋),礁溪鄉,元登2,1,2026-03-09,2026-03-09,56.1,24.7,24.7,24.7,1388,宜蘭縣礁溪鄉塭底路,A棟1號,,透天厝,鋼筋混凝土造,0,False
presale_project,MOI實價登錄(預售屋),礁溪鄉,玉屏鮮境2,1,2024-12-10,2024-12-10,59.1,25.4,25.4,25.4,1500,宜蘭縣礁溪鄉白雲五路,A棟6號,,透天厝,鋼筋混凝土造,0,False
presale_project,MOI實價登錄(預售屋),礁溪鄉,耀丞-城?,1,2025-08-03,2025-08-03,49.9,27.7,27.7,27.7,1380,宜蘭縣礁溪鄉永興街,A棟1號,主建物內含車位面積40.18平方公尺,透天厝,鋼筋混凝土造,0,False
presale_project,MOI實價登錄(預售屋),礁溪鄉,運德大玉,1,2024-10-11,2024-10-11,72.0,24.1,24.1,24.1,1738,宜蘭縣礁溪鄉瑪僯路,A棟6號,,透天厝,鋼筋混凝土造,0,False
presale_project,MOI實價登錄(預售屋),礁溪鄉,鈺雲居,1,2026-01-10,2026-01-10,56.2,25.8,25.8,25.8,1450,宜蘭縣礁溪鄉白雲五路93巷,A6棟0號,交易總價不含電梯,透天厝,鋼筋混凝土造,0,False
presale_project,MOI實價登錄(預售屋),羅東鎮,頤和竹林,32,2024-12-30,2025-10-22,50.2,33.7,27.0,34.9,1698,宜蘭縣羅東鎮復興路三段388巷,B棟3號;C棟1號;D棟2號;D棟16號;D棟19號,,透天厝,鋼筋混凝土造,0,False
presale_project,MOI實價登錄(預售屋),羅東鎮,勤大德?,1,2024-09-20,2024-09-20,77.5,38.9,38.9,38.9,3020,宜蘭縣羅東鎮東榮路二段,B棟1號,,透天厝,鋼筋混凝土造,0,False
presale_project,MOI實價登錄(預售屋),羅東鎮,禮里,1,2024-12-26,2024-12-26,61.5,43.1,43.1,43.1,2650,宜蘭縣羅東鎮南昌東街,E棟0號,,透天厝,鋼筋混凝土造,0,False
presale_project,MOI實價登錄(預售屋),羅東鎮,羅東春天之綻,1,2024-09-20,2024-09-20,66.0,39.4,39.4,39.4,2598,宜蘭縣羅東鎮中山路一段,1棟A5號,,透天厝,鋼筋混凝土造,0,False
presale_project,MOI實價登錄(預售屋),羅東鎮,美澍家NO.10,1,2026-03-14,2026-03-14,65.7,36.3,36.3,36.3,2380,宜蘭縣羅東鎮月眉路,D棟7號,,透天厝,鋼筋混凝土造,0,False
presale_project,MOI實價登錄(預售屋),羅東鎮,豐禾日立,1,2024-09-21,2024-09-21,87.3,37.5,37.5,37.5,3276,宜蘭縣羅東鎮中華路,D棟1號,,透天厝,鋼筋混凝土造,0,False
presale_project,MOI實價登錄(預售屋),蘇澳鎮,靚永美6,24,2024-06-07,2024-09-06,42.8,21.3,20.6,22.7,928,宜蘭縣蘇澳鎮福德西巷,A棟8號;C棟8號;A棟1號;A棟2號;B棟2號,,透天厝,鋼筋混凝土造,1,False
presale_project,MOI實價登錄(預售屋),蘇澳鎮,謙羽上品,9,2024-05-19,2024-09-19,41.3,23.2,22.1,24.0,958,宜蘭縣蘇澳鎮隆恩路,A棟1號;A棟8號;B棟8號;B棟3號;A棟10號,交易總價包含新隆恩段361-2地號1筆，農地面積573.24m2、權利範圍5555/100000，交易總價款共計96000元整。;交易總價包含新隆恩段361-2地號1筆，農地面積573.24m2、權利範圍5565/100000，交易總價款共計96000元整,透天厝,鋼筋混凝土造,1,False
presale_project,MOI實價登錄(預售屋),蘇澳鎮,卓閱,8,2025-10-14,2026-01-20,54.2,24.3,22.8,26.2,1368,宜蘭縣蘇澳鎮信義路,B棟10號;D棟1號;D棟3號;C棟8號;D棟2號,,透天厝,鋼筋混凝土造,0,False
presale_project,MOI實價登錄(預售屋),蘇澳鎮,耀建築,8,2024-06-16,2024-12-23,44.6,22.2,19.5,27.4,980,宜蘭縣蘇澳鎮城東路及隘丁路交叉口,A棟5號;C棟2號;C棟5號;C棟11號;C棟12號,交易總價含下列非屬預售屋價格之費用:贈送家電冷氣提貨?費:160000元;交易總價含下列非屬預售屋價格之費用:贈送家電冷氣提貨?費:100000元,透天厝,鋼筋混凝土造,0,False
presale_project,MOI實價登錄(預售屋),蘇澳鎮,群亦澄亦,7,2025-10-08,2025-10-25,47.4,23.0,22.3,24.7,1088,宜蘭縣蘇澳鎮新榮路,B1號;B2號;B3號;B5號;B6號,,透天厝,鋼筋混凝土造,0,False
presale_project,MOI實價登錄(預售屋),蘇澳鎮,百亨優閣透天別墅NO.10,5,2024-06-24,2025-03-28,48.2,21.3,20.4,21.4,1028,宜蘭縣蘇澳鎮思村路,1棟A8號;1棟A15號;1棟A13號;1棟A11號;1棟A10號,親友、員工、共有人或其他特殊關係間之交易；,透天厝,鋼筋混凝土造,0,False
presale_project,MOI實價登錄(預售屋),蘇澳鎮,森悅境,4,2024-06-01,2024-06-15,45.2,19.8,19.7,20.8,893,宜蘭縣蘇澳鎮光榮路,B棟3號;B棟6號;B棟8號;B棟9號,,透天厝,鋼筋混凝土造,0,False
presale_project,MOI實價登錄(預售屋),蘇澳鎮,青山水岸三期,3,2025-03-06,2025-06-11,56.8,19.9,19.4,20.1,1140,宜蘭縣蘇澳鎮聖愛路,A棟1號;B棟1號;B棟6號,,透天厝,鋼筋混凝土造,0,False
presale_project,MOI實價登錄(預售屋),蘇澳鎮,御品,1,2025-07-16,2025-07-16,47.9,24.5,24.5,24.5,1176,宜蘭縣蘇澳鎮蘇濱路二段125巷26弄,A棟11號,,透天厝,鋼筋混凝土造,0,False
presale_project,MOI實價登錄(預售屋),蘇澳鎮,日安居,1,2024-10-11,2024-10-11,55.0,19.3,19.3,19.3,1060,宜蘭縣蘇澳鎮志成路115巷42弄18號,1棟A3號,,透天厝,鋼筋混凝土造,0,False
presale_project,MOI實價登錄(預售屋),頭城鎮,遇上荷蘭,22,2024-09-21,2026-02-12,36.7,31.8,26.6,34.2,1118,宜蘭縣頭城鎮新忠路,E棟2號;B棟10號;C棟5號;B棟13號;C棟2號,依變更備查申報書序號 : G2G011307160001-02 辦理385地號土地面積，為日後須辦理土地分割後割標示之面積。河川區域線426地號;依變更備查申報書序號 : G2G011307160001-02 辦理385地號土地面積，為日後須辦理土地分割後割標示之面積。河川區域線426地號，暫定不能申請新建住宅使用。,透天厝,鋼筋混凝土造,1,False
presale_project,MOI實價登錄(預售屋),頭城鎮,唐承沐?,11,2024-08-11,2024-11-01,40.7,24.8,22.5,26.2,1022,宜蘭縣頭城鎮頭濱路二段,A1棟0號;B6棟0號;B3棟0號;A4棟0號;A2棟0號,,透天厝,鋼筋混凝土造,0,False
presale_project,MOI實價登錄(預售屋),頭城鎮,人文精品,7,2025-08-15,2025-10-11,59.9,23.0,21.7,25.9,1380,宜蘭縣頭城鎮復興路12巷,A7棟0號;A9棟0號;A8棟0號;A1棟0號;A2棟0號,,透天厝,鋼筋混凝土造,0,False
presale_project,MOI實價登錄(預售屋),頭城鎮,享享生活,6,2025-08-10,2026-03-21,41.2,25.7,24.2,26.4,1069,宜蘭縣頭城鎮下埔路,A棟2號;A棟9號;A棟12號;A棟5號;B棟2號,,透天厝,鋼筋混凝土造,0,False
presale_project,MOI實價登錄(預售屋),頭城鎮,蒔光匯,5,2025-01-06,2026-01-14,67.5,28.9,28.5,32.9,1950,宜蘭縣頭城鎮文化路61巷,E棟0號;D棟0號;F棟0號;A棟0號;B棟0號,,透天厝,鋼筋混凝土造,0,False
presale_project,MOI實價登錄(預售屋),頭城鎮,嶠見築,4,2025-07-10,2026-04-08,54.6,27.0,26.6,27.5,1475,宜蘭縣頭城鎮二城路16巷,F棟0號;B棟0號;C棟0號;E棟0號,親友、員工、共有人或其他特殊關係間之交易；,透天厝,鋼筋混凝土造,0,False
presale_project,MOI實價登錄(預售屋),頭城鎮,歆悅,4,2024-07-20,2025-10-31,53.0,26.4,25.8,26.7,1391,宜蘭縣頭城鎮三和路600巷96號旁,A棟5號;A棟2號;A棟3號;A棟1號,變更屋突一層,透天厝,鋼筋混凝土造,0,False
presale_project,MOI實價登錄(預售屋),頭城鎮,昌元吉第(烏石港案),2,2025-02-27,2025-06-08,43.9,39.4,33.1,45.7,1710,宜蘭縣頭城鎮環鎮東路二段,B棟1號;A棟1號,主建物面積包含車位面積28.23平方公尺,透天厝,鋼筋混凝土造,0,False
presale_project,MOI實價登錄(預售屋),頭城鎮,京采頭城3,1,2026-01-22,2026-01-22,65.6,22.7,22.7,22.7,1488,宜蘭縣頭城鎮宜三路一段,1棟A8號,,透天厝,鋼筋混凝土造,0,False
